"X","family","T1","dT2.1","dT2.2","dT3.1","dT3.2","dT3.3","dT3.4","Colony_size","citeseq.ann","separated.azimuth"
"IB12plate1A2","IB12",51,15,15,14,15,15,16,8,"CD34+_CD38+","Early Eryth"
"IB12plate1B2","IB12",51,15,15,14,15,15,16,8,"CD34+_CD38+","Early Eryth"
"IB12plate1C2","IB12",51,15,15,14,15,15,16,8,"CD34+","LMPP"
"IB12plate1E2","IB12",51,15,15,14,15,15,16,8,"CD34+","CLP"
"IB12plate1F2","IB12",51,15,15,14,15,15,16,8,"CD34+","CLP"
"IB9plate1G1","IB9",36,15,15,13,13,14,15,19,"Granulocytes_Neutrophiles","GMP"
"IB9plate1H1","IB9",36,15,15,13,13,14,15,19,"Granulocytes_Neutrophiles","GMP"
"IC7plate1A3","IC7",41,18,20,15,15,16,16,10,"CD34+","LMPP"
"IC7plate1B3","IC7",41,18,20,15,15,16,16,10,"CD34+","LMPP"
"IC7plate1G2","IC7",41,18,20,15,15,16,16,10,"CD34+","CLP"
"ID11plate1B4","ID11",36,14,16,14,16,18,18,14,"CD34+","LMPP"
"ID11plate1C3","ID11",36,14,16,14,16,18,18,14,"CD34+_CD38+","Early Eryth"
"ID11plate1F3","ID11",36,14,16,14,16,18,18,14,"CD34+","LMPP"
"ID11plate1G3","ID11",36,14,16,14,16,18,18,14,"CD34+","LMPP"
"ID11plate1H3","ID11",36,14,16,14,16,18,18,14,"CD34+","LMPP"
"ID12plate1D4","ID12",56,16,16,NA,NA,NA,NA,4,"Erythrocytes","LMPP"
"ID12plate1E4","ID12",56,16,16,NA,NA,NA,NA,4,"CD34+","LMPP"
"IE4plate1A6","IE4",37,13,14,11.5,11.5,11.5,12.5,23,"CD34+","LMPP"
"IE4plate1B6","IE4",37,13,14,11.5,11.5,11.5,12.5,23,"CD34+","LMPP"
"IE4plate1C6","IE4",37,13,14,11.5,11.5,11.5,12.5,23,"CD34+","LMPP"
"IE4plate1E6","IE4",37,13,14,11.5,11.5,11.5,12.5,23,"CD34+","LMPP"
"IE4plate1F5","IE4",37,13,14,11.5,11.5,11.5,12.5,23,"CD34+_CD38+","Early Eryth"
"IE4plate1G5","IE4",37,13,14,11.5,11.5,11.5,12.5,23,"Erythrocytes","LMPP"
"IE4plate1H5","IE4",37,13,14,11.5,11.5,11.5,12.5,23,"Erythrocytes","LMPP"
"IF8plate1A5","IF8",40,12,13,10.5,11.5,13.5,13.5,16,"CD34+","HSC"
"IF8plate1E5","IF8",40,12,13,10.5,11.5,13.5,13.5,16,"CD34+_CD38+","Early Eryth"
"IF8plate1G4","IF8",40,12,13,10.5,11.5,13.5,13.5,16,"CD34+","Early Eryth"
"IG7plate1A7","IG7",54,15,15,14,14,14,17,8,"CD34+","CD4 Memory"
"IG7plate1F6","IG7",54,15,15,14,14,14,17,8,"CD34+","LMPP"
"IG7plate1G6","IG7",54,15,15,14,14,14,17,8,"CD34+","LMPP"
"IG7plate1H6","IG7",54,15,15,14,14,14,17,8,"CD34+","CD4 Memory"
"IH12plate1A8","IH12",43,17,18,18.5,19.5,20.5,20.5,8,"CD34+_CD38+","LMPP"
"IH12plate1B8","IH12",43,17,18,18.5,19.5,20.5,20.5,8,"CD34+_CD38+","Early Eryth"
"IH12plate1D8","IH12",43,17,18,18.5,19.5,20.5,20.5,8,"CD34+_CD38+","Early Eryth"
"IH12plate1F7","IH12",43,17,18,18.5,19.5,20.5,20.5,8,"CD34+_CD38+","Early Eryth"
"IH12plate1H7","IH12",43,17,18,18.5,19.5,20.5,20.5,8,"CD34+_CD38+","Early Eryth"
"IIB5plate2B2","IIB5",53,12,13,13.5,14.5,14.5,17.5,8,"Erythrocytes","Late Eryth"
"IIB5plate2C2","IIB5",53,12,13,13.5,14.5,14.5,17.5,8,"CD34+","LMPP"
"IIF9plate2A5","IIF9",42,13,14,15.5,16.5,16.5,17.5,12,"CD34+","HSC"
"IIF9plate2B5","IIF9",42,13,14,15.5,16.5,16.5,17.5,12,"CD34+","CLP"
"IIF9plate2D5","IIF9",42,13,14,15.5,16.5,16.5,17.5,12,"Granulocytes_Neutrophiles","CLP"
"IIF9plate2E5","IIF9",42,13,14,15.5,16.5,16.5,17.5,12,"CD34+","GMP"
"IIF9plate2F4","IIF9",42,13,14,15.5,16.5,16.5,17.5,12,"CD34+","LMPP"
"IIF9plate2G4","IIF9",42,13,14,15.5,16.5,16.5,17.5,12,"CD34+","LMPP"
"IIF9plate2H4","IIF9",42,13,14,15.5,16.5,16.5,17.5,12,"CD34+","GMP"
"IIG11plate2A6","IIG11",40,14,15,13.5,14.5,18.5,18.5,13,"Erythrocytes","LMPP"
"IIG11plate2B6","IIG11",40,14,15,13.5,14.5,18.5,18.5,13,"CD34+_CD38+","Early Eryth"
"IIG11plate2D6","IIG11",40,14,15,13.5,14.5,18.5,18.5,13,"CD34+_CD38+","BaEoMa"
"IIG11plate2E6","IIG11",40,14,15,13.5,14.5,18.5,18.5,13,"Erythrocytes","LMPP"
"IIG11plate2F5","IIG11",40,14,15,13.5,14.5,18.5,18.5,13,"CD34+","LMPP"
"IIG11plate2H5","IIG11",40,14,15,13.5,14.5,18.5,18.5,13,"Granulocytes_Neutrophiles","LMPP"
"IIIA12plate2A8","IIIA12",42,19,19,15,15,16,20,9,"CD34+","LMPP"
"IIIA12plate2B8","IIIA12",42,19,19,15,15,16,20,9,"CD34+","LMPP"
"IIIA12plate2C8","IIIA12",42,19,19,15,15,16,20,9,"CD34+","GMP"
"IIIA12plate2D8","IIIA12",42,19,19,15,15,16,20,9,"CD34+","LMPP"
"IIIA12plate2F7","IIIA12",42,19,19,15,15,16,20,9,"CD34+","GMP"
"IIIA12plate2G7","IIIA12",42,19,19,15,15,16,20,9,"CD34+","GMP"
"IIIA12plate2H7","IIIA12",42,19,19,15,15,16,20,9,"CD34+","LMPP"
"IIIA8plate2A7","IIIA8",46,18,19,15.5,16.5,18.5,20.5,8,"Monocytes","CD14 Mono"
"IIIA8plate2C7","IIIA8",46,18,19,15.5,16.5,18.5,20.5,8,"Erythrocytes","LMPP"
"IIIA8plate2D7","IIIA8",46,18,19,15.5,16.5,18.5,20.5,8,"CD34+","EMP"
"IIIA8plate2E7","IIIA8",46,18,19,15.5,16.5,18.5,20.5,8,"Granulocytes_Neutrophiles","BaEoMa"
"IIIA8plate2G6","IIIA8",46,18,19,15.5,16.5,18.5,20.5,8,"CD34+","LMPP"
"IIIB4plate2A9","IIIB4",46,14,14,16,17,18,19,8,"CD34+","LMPP"
"IIIB4plate2H8","IIIB4",46,14,14,16,17,18,19,8,"CD34+","CLP"
