"X","family","T1","dT2.1","dT2.2","dT3.1","dT3.2","dT3.3","dT3.4","Colony_size","avg_dT2","avg_dT3","var_dT2","var_dT3","max_var","min_var","predicted.celltype"
"IB9plate1G1","IB9",36,15,15,13,13,14,15,19,15,13.75,0,0.916666666666667,0.916666666666667,0,"GraP"
"IB9plate1H1","IB9",36,15,15,13,13,14,15,19,15,13.75,0,0.916666666666667,0.916666666666667,0,"GraP"
"IB12plate1A2","IB12",51,15,15,14,15,15,16,8,15,15,0,0.666666666666667,0.666666666666667,0,"EryP/MkP"
"IB12plate1B2","IB12",51,15,15,14,15,15,16,8,15,15,0,0.666666666666667,0.666666666666667,0,"EryP/MkP"
"IB12plate1C2","IB12",51,15,15,14,15,15,16,8,15,15,0,0.666666666666667,0.666666666666667,0,"CD34+CD38-/HPC"
"IB12plate1E2","IB12",51,15,15,14,15,15,16,8,15,15,0,0.666666666666667,0.666666666666667,0,"CD34+CD38-/HPC"
"IB12plate1F2","IB12",51,15,15,14,15,15,16,8,15,15,0,0.666666666666667,0.666666666666667,0,"CD34+CD38-/HPC"
"IC7plate1G2","IC7",41,18,20,15,15,16,16,10,19,15.5,2,0.333333333333333,2,0.333333333333333,"CD34+CD38-/HPC"
"IC7plate1A3","IC7",41,18,20,15,15,16,16,10,19,15.5,2,0.333333333333333,2,0.333333333333333,"CD34+CD38-/HPC"
"IC7plate1B3","IC7",41,18,20,15,15,16,16,10,19,15.5,2,0.333333333333333,2,0.333333333333333,"CD34+CD38-/HPC"
"ID11plate1C3","ID11",36,14,16,14,16,18,18,14,15,16.5,2,3.66666666666667,3.66666666666667,2,"EryP/MkP"
"ID11plate1F3","ID11",36,14,16,14,16,18,18,14,15,16.5,2,3.66666666666667,3.66666666666667,2,"CD34+CD38-/HPC"
"ID11plate1G3","ID11",36,14,16,14,16,18,18,14,15,16.5,2,3.66666666666667,3.66666666666667,2,"CD34+CD38-/HPC"
"ID11plate1H3","ID11",36,14,16,14,16,18,18,14,15,16.5,2,3.66666666666667,3.66666666666667,2,"CD34+CD38-/HPC"
"ID11plate1B4","ID11",36,14,16,14,16,18,18,14,15,16.5,2,3.66666666666667,3.66666666666667,2,"CD34+CD38-/HPC"
"ID12plate1D4","ID12",56,16,16,NA,NA,NA,NA,4,16,NA,0,NA,0,0,"CD34+CD38-/HPC"
"ID12plate1E4","ID12",56,16,16,NA,NA,NA,NA,4,16,NA,0,NA,0,0,"MyP"
"IF8plate1G4","IF8",40,12,13,10.5,11.5,13.5,13.5,16,12.5,12.25,0.5,2.25,2.25,0.5,"MyP"
"IF8plate1A5","IF8",40,12,13,10.5,11.5,13.5,13.5,16,12.5,12.25,0.5,2.25,2.25,0.5,"MyP"
"IF8plate1E5","IF8",40,12,13,10.5,11.5,13.5,13.5,16,12.5,12.25,0.5,2.25,2.25,0.5,"EryP/MkP"
"IE4plate1F5","IE4",37,13,14,11.5,11.5,11.5,12.5,23,13.5,11.75,0.5,0.25,0.5,0.25,"EryP/MkP"
"IE4plate1G5","IE4",37,13,14,11.5,11.5,11.5,12.5,23,13.5,11.75,0.5,0.25,0.5,0.25,"CD34+CD38-/HPC"
"IE4plate1H5","IE4",37,13,14,11.5,11.5,11.5,12.5,23,13.5,11.75,0.5,0.25,0.5,0.25,"CD34+CD38-/HPC"
"IE4plate1A6","IE4",37,13,14,11.5,11.5,11.5,12.5,23,13.5,11.75,0.5,0.25,0.5,0.25,"CD34+CD38-/HPC"
"IE4plate1B6","IE4",37,13,14,11.5,11.5,11.5,12.5,23,13.5,11.75,0.5,0.25,0.5,0.25,"CD34+CD38-/HPC"
"IE4plate1C6","IE4",37,13,14,11.5,11.5,11.5,12.5,23,13.5,11.75,0.5,0.25,0.5,0.25,"CD34+CD38-/HPC"
"IE4plate1E6","IE4",37,13,14,11.5,11.5,11.5,12.5,23,13.5,11.75,0.5,0.25,0.5,0.25,"CD34+CD38-/HPC"
"IG7plate1F6","IG7",54,15,15,14,14,14,17,8,15,14.75,0,2.25,2.25,0,"CD34+CD38-/HPC"
"IG7plate1G6","IG7",54,15,15,14,14,14,17,8,15,14.75,0,2.25,2.25,0,"CD34+CD38-/HPC"
"IG7plate1H6","IG7",54,15,15,14,14,14,17,8,15,14.75,0,2.25,2.25,0,"MyP"
"IG7plate1A7","IG7",54,15,15,14,14,14,17,8,15,14.75,0,2.25,2.25,0,"MyP"
"IH12plate1F7","IH12",43,17,18,18.5,19.5,20.5,20.5,8,17.5,19.75,0.5,0.916666666666667,0.916666666666667,0.5,"EryP/MkP"
"IH12plate1H7","IH12",43,17,18,18.5,19.5,20.5,20.5,8,17.5,19.75,0.5,0.916666666666667,0.916666666666667,0.5,"EryP/MkP"
"IH12plate1A8","IH12",43,17,18,18.5,19.5,20.5,20.5,8,17.5,19.75,0.5,0.916666666666667,0.916666666666667,0.5,"EryP/MkP"
"IH12plate1B8","IH12",43,17,18,18.5,19.5,20.5,20.5,8,17.5,19.75,0.5,0.916666666666667,0.916666666666667,0.5,"EryP/MkP"
"IH12plate1D8","IH12",43,17,18,18.5,19.5,20.5,20.5,8,17.5,19.75,0.5,0.916666666666667,0.916666666666667,0.5,"CD34+CD38-/HPC"
"IIA9plate2A1",NA,NA,NA,NA,NA,NA,NA,NA,NA,NA,NA,NA,NA,NA,NA,"CD34+CD38-/HPC"
"IIA9plate2C1",NA,NA,NA,NA,NA,NA,NA,NA,NA,NA,NA,NA,NA,NA,NA,"GraP"
"IIA9plate2D1",NA,NA,NA,NA,NA,NA,NA,NA,NA,NA,NA,NA,NA,NA,NA,"GraP"
"IIA9plate2E1",NA,NA,NA,NA,NA,NA,NA,NA,NA,NA,NA,NA,NA,NA,NA,"GraP"
"IIA9plate2F1",NA,NA,NA,NA,NA,NA,NA,NA,NA,NA,NA,NA,NA,NA,NA,"MyP"
"IIA9plate2G1",NA,NA,NA,NA,NA,NA,NA,NA,NA,NA,NA,NA,NA,NA,NA,"MyP"
"IIA9plate2H1",NA,NA,NA,NA,NA,NA,NA,NA,NA,NA,NA,NA,NA,NA,NA,"GraP"
"IIB5plate2B2","IIB5",53,12,13,13.5,14.5,14.5,17.5,8,12.5,15,0.5,3,3,0.5,"CD34+CD38-/HPC"
"IIB5plate2C2","IIB5",53,12,13,13.5,14.5,14.5,17.5,8,12.5,15,0.5,3,3,0.5,"CD34+CD38-/HPC"
"IIF9plate2F4","IIF9",42,13,14,15.5,16.5,16.5,17.5,12,13.5,16.5,0.5,0.666666666666667,0.666666666666667,0.5,"CD34+CD38-/HPC"
"IIF9plate2G4","IIF9",42,13,14,15.5,16.5,16.5,17.5,12,13.5,16.5,0.5,0.666666666666667,0.666666666666667,0.5,"CD34+CD38-/HPC"
"IIF9plate2H4","IIF9",42,13,14,15.5,16.5,16.5,17.5,12,13.5,16.5,0.5,0.666666666666667,0.666666666666667,0.5,"MyP"
"IIF9plate2A5","IIF9",42,13,14,15.5,16.5,16.5,17.5,12,13.5,16.5,0.5,0.666666666666667,0.666666666666667,0.5,"MyP"
"IIF9plate2B5","IIF9",42,13,14,15.5,16.5,16.5,17.5,12,13.5,16.5,0.5,0.666666666666667,0.666666666666667,0.5,"MyP"
"IIF9plate2D5","IIF9",42,13,14,15.5,16.5,16.5,17.5,12,13.5,16.5,0.5,0.666666666666667,0.666666666666667,0.5,"MyP"
"IIF9plate2E5","IIF9",42,13,14,15.5,16.5,16.5,17.5,12,13.5,16.5,0.5,0.666666666666667,0.666666666666667,0.5,"MyP"
"IIG11plate2F5","IIG11",40,14,15,13.5,14.5,18.5,18.5,13,14.5,16.25,0.5,6.91666666666667,6.91666666666667,0.5,"MyP"
"IIG11plate2H5","IIG11",40,14,15,13.5,14.5,18.5,18.5,13,14.5,16.25,0.5,6.91666666666667,6.91666666666667,0.5,"GraP"
"IIG11plate2A6","IIG11",40,14,15,13.5,14.5,18.5,18.5,13,14.5,16.25,0.5,6.91666666666667,6.91666666666667,0.5,"MyP"
"IIG11plate2B6","IIG11",40,14,15,13.5,14.5,18.5,18.5,13,14.5,16.25,0.5,6.91666666666667,6.91666666666667,0.5,"EryP/MkP"
"IIG11plate2D6","IIG11",40,14,15,13.5,14.5,18.5,18.5,13,14.5,16.25,0.5,6.91666666666667,6.91666666666667,0.5,"CD34+CD38-/HPC"
"IIG11plate2E6","IIG11",40,14,15,13.5,14.5,18.5,18.5,13,14.5,16.25,0.5,6.91666666666667,6.91666666666667,0.5,"CD34+CD38-/HPC"
"IIIA8plate2G6","IIIA8",46,18,19,15.5,16.5,18.5,20.5,8,18.5,17.75,0.5,4.91666666666667,4.91666666666667,0.5,"CD34+CD38-/HPC"
"IIIA8plate2A7","IIIA8",46,18,19,15.5,16.5,18.5,20.5,8,18.5,17.75,0.5,4.91666666666667,4.91666666666667,0.5,"MyP"
"IIIA8plate2C7","IIIA8",46,18,19,15.5,16.5,18.5,20.5,8,18.5,17.75,0.5,4.91666666666667,4.91666666666667,0.5,"CD34+CD38-/HPC"
"IIIA8plate2D7","IIIA8",46,18,19,15.5,16.5,18.5,20.5,8,18.5,17.75,0.5,4.91666666666667,4.91666666666667,0.5,"CD34+CD38-/HPC"
"IIIA8plate2E7","IIIA8",46,18,19,15.5,16.5,18.5,20.5,8,18.5,17.75,0.5,4.91666666666667,4.91666666666667,0.5,"MyP"
"IIIA12plate2F7","IIIA12",42,19,19,15,15,16,20,9,19,16.5,0,5.66666666666667,5.66666666666667,0,"GraP"
"IIIA12plate2G7","IIIA12",42,19,19,15,15,16,20,9,19,16.5,0,5.66666666666667,5.66666666666667,0,"MyP"
"IIIA12plate2H7","IIIA12",42,19,19,15,15,16,20,9,19,16.5,0,5.66666666666667,5.66666666666667,0,"MyP"
"IIIA12plate2A8","IIIA12",42,19,19,15,15,16,20,9,19,16.5,0,5.66666666666667,5.66666666666667,0,"GraP"
"IIIA12plate2B8","IIIA12",42,19,19,15,15,16,20,9,19,16.5,0,5.66666666666667,5.66666666666667,0,"MyP"
"IIIA12plate2C8","IIIA12",42,19,19,15,15,16,20,9,19,16.5,0,5.66666666666667,5.66666666666667,0,"MyP"
"IIIA12plate2D8","IIIA12",42,19,19,15,15,16,20,9,19,16.5,0,5.66666666666667,5.66666666666667,0,"CD34+CD38-/HPC"
"IIIB4plate2H8","IIIB4",46,14,14,16,17,18,19,8,14,17.5,0,1.66666666666667,1.66666666666667,0,"CD34+CD38-/HPC"
"IIIB4plate2A9","IIIB4",46,14,14,16,17,18,19,8,14,17.5,0,1.66666666666667,1.66666666666667,0,"CD34+CD38-/HPC"
